epoch,train_loss,val_loss,val_roc_auc,val_pr_auc,val_f1
1,0.08866750033275207,0.06300869584083557,1.0,1.0,1.0
2,0.045846143010375234,0.5852863192558289,1.0,1.0,1.0
3,0.03513428496383988,0.12164480984210968,1.0,1.0,1.0
4,0.023548999241163292,0.08534646034240723,1.0,1.0,1.0
