epoch,train_loss,val_loss,val_roc_auc,val_pr_auc,val_f1
1,0.15855580510034517,0.20614123344421387,1.0,1.0,1.0
2,0.07206805143005392,0.10586074739694595,1.0,1.0,1.0
3,0.05323935693138467,0.2036665827035904,1.0,1.0,1.0
4,0.04002704056950452,0.4491775631904602,1.0,1.0,1.0
