epoch,train_loss,val_loss,val_roc_auc,val_pr_auc,val_f1
1,0.32269560307995676,0.5757139921188354,0.765625,0.8358100233100233,0.7692307692307693
2,0.20026636483616259,0.5523058176040649,0.765625,0.8358100233100233,0.7692307692307693
3,0.1662740771618723,0.5614197254180908,0.828125,0.8660657051282051,0.7777777777777777
4,0.15003803045563172,0.5723171234130859,0.828125,0.8660657051282051,0.7777777777777777
5,0.14069618330411385,0.5497933030128479,0.84375,0.8768543956043957,0.7777777777777777
6,0.1319251641276881,0.5320770144462585,0.828125,0.8687104562104562,0.7692307692307693
7,0.12557931380929208,0.6040546298027039,0.84375,0.882847360972361,0.7999999999999999
8,0.11682402410264486,0.6314886808395386,0.859375,0.9021925990675991,0.8571428571428571
