epoch,train_loss,val_loss,val_roc_auc,val_pr_auc,val_f1
1,0.2030773452180295,0.34555584192276,0.765625,0.8358100233100233,0.7692307692307693
2,0.12099487093374407,0.32086125016212463,0.765625,0.8358100233100233,0.7692307692307693
3,0.0985461279658452,0.3450338840484619,0.8125,0.8579217657342657,0.7692307692307693
4,0.08862336460455246,0.35446733236312866,0.828125,0.8660657051282051,0.7777777777777777
5,0.08317456987509332,0.3123699128627777,0.84375,0.8768543956043957,0.7777777777777777
6,0.0782887739575028,0.2942027449607849,0.828125,0.8687104562104562,0.7692307692307693
7,0.07340605515541017,0.34106433391571045,0.828125,0.8687104562104562,0.7692307692307693
8,0.06882633632077532,0.4140406847000122,0.859375,0.9021925990675991,0.8571428571428571
