epoch,train_loss,val_loss,val_roc_auc,val_pr_auc,val_f1
1,0.20780874354524848,1.7619571685791016,0.609375,0.5882756132756133,0.8
2,0.16360692478762082,1.2652925252914429,0.671875,0.6789254148629148,0.8
3,0.14679063120685473,3.2624731063842773,0.625,0.6150894244644244,0.761904761904762
4,0.14078587199921258,1.704564094543457,0.6875,0.6478490259740259,0.8
5,0.13591434539187175,0.5690723657608032,0.859375,0.8625180375180375,0.8421052631578948
6,0.12903060494390733,2.467926502227783,0.734375,0.7158414502164503,0.8421052631578948
7,0.1266115668681136,0.28931695222854614,0.859375,0.8625180375180375,0.8421052631578948
8,0.11732150324008947,0.7469255328178406,0.78125,0.7526695526695526,0.823529411764706
