epoch,train_loss,val_loss,val_roc_auc,val_pr_auc,val_f1
1,0.208709490491203,1.838935136795044,0.640625,0.6611922799422799,0.8
2,0.16263927514750534,1.4829869270324707,0.640625,0.6180375180375179,0.8
3,0.15451554314124805,3.1159591674804688,0.71875,0.7033414502164502,0.8421052631578948
4,0.1372501440346241,0.571043848991394,0.71875,0.7033414502164502,0.8421052631578948
5,0.13603933772609278,2.823991060256958,0.765625,0.7395765692640692,0.8421052631578948
6,0.12944677168149157,0.34337833523750305,0.796875,0.8402420496170496,0.75
7,0.12794248595193852,0.26425492763519287,0.875,0.8719246031746032,0.888888888888889
8,0.11633210978899265,0.2467261403799057,0.859375,0.8625180375180375,0.8421052631578948
